codon	value
AAA	0.02555445271123572
AAC	0.0176751581967046
AAG	0.032213793491741194
AAT	0.02293319184402761
ACA	0.01718941703287527
ACC	0.01400079595545016
ACG	0.007641937739230943
ACT	0.01417722765798322
AGA	0.013019568936071627
AGC	0.01488497969629515
AGG	0.010940272622973157
AGT	0.01482781844718677
ATA	0.008235037768813522
ATC	0.017412753474996528
ATG	0.027320463269997885
ATT	0.015736789037899684
CAA	0.012216480695644415
CAC	0.011258323859611265
CAG	0.03632952691263829
CAT	0.013655832287809654
CCA	0.01765972641234579
CCC	0.013669119407378735
CCG	0.0068996157847264015
CCT	0.0188509851128426
CGA	0.01038153787110627
CGC	0.008641195329062771
CGG	0.012313239012173703
CGT	0.00701432321419552
CTA	0.008142918321852571
CTC	0.014929770362914818
CTG	0.033227721804233785
CTT	0.014911024982537052
GAA	0.029414603614993377
GAC	0.026361873142801848
GAG	0.039633731084047975
GAT	0.031884056286331626
GCA	0.02042644979632764
GCC	0.02116488096695977
GCG	0.007929744031544294
GCT	0.02151624390528962
GGA	0.019582004891057707
GGC	0.020309228591629157
GGG	0.013702473384783646
GGT	0.01369247403370862
GTA	0.007557593562531203
GTC	0.010582440483479885
GTG	0.03114461361331881
GTT	0.011104934598945569
TAC	0.012695842748257236
TAT	0.01637626113044391
TCA	0.012353905940320604
TCC	0.01204168277866385
TCG	0.003964872015772147
TCT	0.016149058910609755
TGC	0.008734444549314496
TGG	0.010402540919610556
TGT	0.011013388727229295
TTA	0.008286025917837246
TTC	0.01660976823455429
TTG	0.013682445387659743
TTT	0.017817417497419413
